1,http://www.imdb.com/title/tt2015381/
2,http://www.imdb.com/title/tt1446714/
3,http://www.imdb.com/title/tt4972582/
4,http://www.imdb.com/title/tt3470600/
5,http://www.imdb.com/title/tt1386697/
6,http://www.imdb.com/title/tt2034800/
7,http://www.imdb.com/title/tt3783958/
8,http://www.imdb.com/title/tt4799064/
9,http://www.imdb.com/title/tt1212428/
10,http://www.imdb.com/title/tt1355644/
11,http://www.imdb.com/title/tt3183660/
12,http://www.imdb.com/title/tt4846340/
13,http://www.imdb.com/title/tt3748528/
14,http://www.imdb.com/title/tt3521164/
15,http://www.imdb.com/title/tt4680182/
16,http://www.imdb.com/title/tt2709768/
17,http://www.imdb.com/title/tt2119532/
18,http://www.imdb.com/title/tt4196776/
19,http://www.imdb.com/title/tt3741834/
20,http://www.imdb.com/title/tt2543164/
21,http://www.imdb.com/name/nm0001282/
22,http://www.imdb.com/title/tt4034228/
23,http://www.imdb.com/title/tt3896738/
24,http://www.imdb.com/title/tt1679335/
25,http://www.imdb.com/title/tt1628841/
26,http://www.imdb.com/title/tt2936884/
27,http://www.imdb.com/title/tt2631186/
28,http://www.imdb.com/title/tt3778010/
29,http://www.imdb.com/title/tt4651520/
30,http://www.imdb.com/title/tt2094766/
31,http://www.imdb.com/title/tt4501244/
32,http://www.imdb.com/title/tt4550098/
33,http://www.imdb.com/title/tt3385516/
34,http://www.imdb.com/title/tt1431045/
35,http://www.imdb.com/title/tt2592614/
36,http://www.imdb.com/title/tt3498820/
37,http://www.imdb.com/title/tt0816692/
38,http://www.imdb.com/title/tt1211837/
39,http://www.imdb.com/title/tt2404435/
40,http://www.imdb.com/title/tt0326716/
41,http://www.imdb.com/title/tt1700841/
42,http://www.imdb.com/title/tt4975722/
43,http://www.imdb.com/title/tt3620452/
44,http://www.imdb.com/title/tt4276820/
45,http://www.imdb.com/title/tt1366338/
46,http://www.imdb.com/title/tt1298650/
47,http://www.imdb.com/title/tt4540710/
48,http://www.imdb.com/title/tt0119099/
49,http://www.imdb.com/title/tt2660888/
50,http://www.imdb.com/title/tt3286560/
51,http://www.imdb.com/title/tt2488496/
52,http://www.imdb.com/title/tt3717252/
53,http://www.imdb.com/title/tt4824302/
54,http://www.imdb.com/title/tt2911666/
55,http://www.imdb.com/title/tt0468569/
56,http://www.imdb.com/title/tt9605894/
57,http://www.imdb.com/title/tt4160708/
58,http://www.imdb.com/title/tt2674426/
59,http://www.imdb.com/title/tt1661275/
60,http://www.imdb.com/title/tt3263904/
61,http://www.imdb.com/title/tt2975590/
62,http://www.imdb.com/title/tt3289956/
63,http://www.imdb.com/title/tt3631112/
64,http://www.imdb.com/title/tt2322441/
65,http://www.imdb.com/title/tt0482571/
66,http://www.imdb.com/title/tt2802144/
67,http://www.imdb.com/title/tt4572514/
68,http://www.imdb.com/title/tt1392190/
69,http://www.imdb.com/title/tt5195412/
70,http://www.imdb.com/title/tt1860357/
71,http://www.imdb.com/title/tt4776998/
72,http://www.imdb.com/title/tt3640424/
73,http://www.imdb.com/title/tt3416532/
74,http://www.imdb.com/title/tt4682786/
75,http://www.imdb.com/title/tt2948356/
76,http://www.imdb.com/title/tt0449088/
77,http://www.imdb.com/title/tt0848228/
78,http://www.imdb.com/title/tt0361748/
79,http://www.imdb.com/title/tt0383574/
80,http://www.imdb.com/title/tt0087332/
81,http://www.imdb.com/title/tt1375666/
82,http://www.imdb.com/title/tt3553976/
83,http://www.imdb.com/title/tt0993846/
84,http://www.imdb.com/title/tt2267998/
85,http://www.imdb.com/title/tt2820852/
86,http://www.imdb.com/title/tt0369610/
87,http://www.imdb.com/title/tt2361317/
88,http://www.imdb.com/title/tt0417299/
89,http://www.imdb.com/title/tt3460252/
90,http://www.imdb.com/title/tt2140479/
91,http://www.imdb.com/title/tt1392214/
92,http://www.imdb.com/title/tt0803096/
93,http://www.imdb.com/title/tt1454029/
94,http://www.imdb.com/title/tt2005151/
95,http://www.imdb.com/title/tt2395427/
96,http://www.imdb.com/title/tt3799694/
97,http://www.imdb.com/title/tt0185402/
98,http://www.imdb.com/title/tt4255304/
99,http://www.imdb.com/title/tt4714782/
100,http://www.imdb.com/title/tt0407887/
101,http://www.imdb.com/title/tt3569230/
1,http://www.imdb.com/title/tt2015381/
2,http://www.imdb.com/title/tt1446714/
3,http://www.imdb.com/title/tt4972582/
4,http://www.imdb.com/title/tt3470600/
5,http://www.imdb.com/title/tt1386697/
6,http://www.imdb.com/title/tt2034800/
7,http://www.imdb.com/title/tt3783958/
8,http://www.imdb.com/title/tt4799064/
9,http://www.imdb.com/title/tt1212428/
10,http://www.imdb.com/title/tt1355644/
11,http://www.imdb.com/title/tt3183660/
12,http://www.imdb.com/title/tt4846340/
13,http://www.imdb.com/title/tt3748528/
14,http://www.imdb.com/title/tt3521164/
15,http://www.imdb.com/title/tt4680182/
16,http://www.imdb.com/title/tt2709768/
17,http://www.imdb.com/title/tt2119532/
18,http://www.imdb.com/title/tt4196776/
19,http://www.imdb.com/title/tt3741834/
20,http://www.imdb.com/title/tt2543164/
21,http://www.imdb.com/name/nm0001282/
22,http://www.imdb.com/title/tt4034228/
23,http://www.imdb.com/title/tt3896738/
24,http://www.imdb.com/title/tt1679335/
25,http://www.imdb.com/title/tt1628841/
26,http://www.imdb.com/title/tt2936884/
27,http://www.imdb.com/title/tt2631186/
28,http://www.imdb.com/title/tt3778010/
29,http://www.imdb.com/title/tt4651520/
30,http://www.imdb.com/title/tt2094766/
31,http://www.imdb.com/title/tt4501244/
32,http://www.imdb.com/title/tt4550098/
33,http://www.imdb.com/title/tt3385516/
34,http://www.imdb.com/title/tt1431045/
35,http://www.imdb.com/title/tt2592614/
36,http://www.imdb.com/title/tt3498820/
37,http://www.imdb.com/title/tt0816692/
38,http://www.imdb.com/title/tt1211837/
39,http://www.imdb.com/title/tt2404435/
40,http://www.imdb.com/title/tt0326716/
41,http://www.imdb.com/title/tt1700841/
42,http://www.imdb.com/title/tt4975722/
43,http://www.imdb.com/title/tt3620452/
44,http://www.imdb.com/title/tt4276820/
45,http://www.imdb.com/title/tt1366338/
46,http://www.imdb.com/title/tt1298650/
47,http://www.imdb.com/title/tt4540710/
48,http://www.imdb.com/title/tt0119099/
49,http://www.imdb.com/title/tt2660888/
50,http://www.imdb.com/title/tt3286560/
51,http://www.imdb.com/title/tt2488496/
52,http://www.imdb.com/title/tt3717252/
53,http://www.imdb.com/title/tt4824302/
54,http://www.imdb.com/title/tt2911666/
55,http://www.imdb.com/title/tt0468569/
56,http://www.imdb.com/title/tt9605894/
57,http://www.imdb.com/title/tt4160708/
58,http://www.imdb.com/title/tt2674426/
59,http://www.imdb.com/title/tt1661275/
60,http://www.imdb.com/title/tt3263904/
61,http://www.imdb.com/title/tt2975590/
62,http://www.imdb.com/title/tt3289956/
63,http://www.imdb.com/title/tt3631112/
64,http://www.imdb.com/title/tt2322441/
65,http://www.imdb.com/title/tt0482571/
66,http://www.imdb.com/title/tt2802144/
67,http://www.imdb.com/title/tt4572514/
68,http://www.imdb.com/title/tt1392190/
69,http://www.imdb.com/title/tt5195412/
70,http://www.imdb.com/title/tt1860357/
71,http://www.imdb.com/title/tt4776998/
72,http://www.imdb.com/title/tt3640424/
73,http://www.imdb.com/title/tt3416532/
74,http://www.imdb.com/title/tt4682786/
75,http://www.imdb.com/title/tt2948356/
76,http://www.imdb.com/title/tt0449088/
77,http://www.imdb.com/title/tt0848228/
78,http://www.imdb.com/title/tt0361748/
79,http://www.imdb.com/title/tt0383574/
80,http://www.imdb.com/title/tt0087332/
81,http://www.imdb.com/title/tt1375666/
82,http://www.imdb.com/title/tt3553976/
83,http://www.imdb.com/title/tt0993846/
84,http://www.imdb.com/title/tt2267998/
85,http://www.imdb.com/title/tt2820852/
86,http://www.imdb.com/title/tt0369610/
87,http://www.imdb.com/title/tt2361317/
88,http://www.imdb.com/title/tt0417299/
89,http://www.imdb.com/title/tt3460252/
90,http://www.imdb.com/title/tt2140479/
91,http://www.imdb.com/title/tt1392214/
92,http://www.imdb.com/title/tt0803096/
93,http://www.imdb.com/title/tt1454029/
94,http://www.imdb.com/title/tt2005151/
95,http://www.imdb.com/title/tt2395427/
96,http://www.imdb.com/title/tt3799694/
97,http://www.imdb.com/title/tt0185402/
98,http://www.imdb.com/title/tt4255304/
99,http://www.imdb.com/title/tt4714782/
100,http://www.imdb.com/title/tt0407887/
101,http://www.imdb.com/title/tt3569230/
102,http://www.imdb.com/title/tt0800369/
103,http://www.imdb.com/title/tt3659388/
104,http://www.imdb.com/title/tt4857264/
105,http://www.imdb.com/title/tt1638355/
106,http://www.imdb.com/title/tt2582782/
107,http://www.imdb.com/title/tt1967614/
108,http://www.imdb.com/title/tt0918940/
109,http://www.imdb.com/title/tt3910814/
110,http://www.imdb.com/title/tt0470752/
111,http://www.imdb.com/title/tt1082807/
112,http://www.imdb.com/title/tt2024544/
113,http://www.imdb.com/title/tt4334266/
114,http://www.imdb.com/title/tt0416449/
115,http://www.imdb.com/title/tt1201607/
116,http://www.imdb.com/title/tt1711525/
117,http://www.imdb.com/title/tt1974419/
118,http://www.imdb.com/title/tt5074352/
119,http://www.imdb.com/title/tt1179933/
120,http://www.imdb.com/title/tt2277860/
121,http://www.imdb.com/title/tt1935859/
122,http://www.imdb.com/title/tt1840309/
123,http://www.imdb.com/title/tt2823054/
124,http://www.imdb.com/title/tt3344680/
125,http://www.imdb.com/title/tt1345836/
126,http://www.imdb.com/title/tt3040964/
127,http://www.imdb.com/title/tt2109248/
128,http://www.imdb.com/title/tt3531824/
129,http://www.imdb.com/title/tt0795421/
130,http://www.imdb.com/title/tt1663202/
131,http://www.imdb.com/title/tt2671706/
132,http://www.imdb.com/title/tt0083907/
133,http://www.imdb.com/title/tt4052882/
134,http://www.imdb.com/title/tt2582802/
135,http://www.imdb.com/title/tt1905041/
136,http://www.imdb.com/title/tt1817273/
137,http://www.imdb.com/title/tt0477348/
138,http://www.imdb.com/title/tt1343092/
139,http://www.imdb.com/title/tt1130884/
140,http://www.imdb.com/title/tt1895315/
141,http://www.imdb.com/title/tt0060028/
142,http://www.imdb.com/title/tt1196141/
143,http://www.imdb.com/title/tt1596363/
144,http://www.imdb.com/title/tt3170832/
145,http://www.imdb.com/title/tt1853728/
146,http://www.imdb.com/title/tt4016934/
147,http://www.imdb.com/title/tt1878870/
148,http://www.imdb.com/title/tt7049682/
149,http://www.imdb.com/title/tt0829482/
150,http://www.imdb.com/title/tt3062096/
151,http://www.imdb.com/title/tt3691740/
152,http://www.imdb.com/title/tt1392170/
153,http://www.imdb.com/title/tt4129870/
154,http://www.imdb.com/title/tt3397884/
155,http://www.imdb.com/title/tt5334704/
156,http://www.imdb.com/title/tt0758730/
157,http://www.imdb.com/title/tt1663662/
158,http://www.imdb.com/title/tt1570728/
159,http://www.imdb.com/title/tt0446029/
160,http://www.imdb.com/title/tt0425112/
161,http://www.imdb.com/title/tt3707104/
162,http://www.imdb.com/title/tt4158096/
163,http://www.imdb.com/title/tt1877832/
164,http://www.imdb.com/title/tt3393786/
165,http://www.imdb.com/title/tt0381061/
166,http://www.imdb.com/title/tt1099212/
167,http://www.imdb.com/title/tt3110958/
168,http://www.imdb.com/title/tt2404425/
169,http://www.imdb.com/title/tt4172430/
170,http://www.imdb.com/title/tt2379713/
171,http://www.imdb.com/title/tt2872718/
172,http://www.imdb.com/title/tt4302938/
173,http://www.imdb.com/title/tt0420901/
174,http://www.imdb.com/title/tt1798709/
175,http://www.imdb.com/title/tt2294629/
176,http://www.imdb.com/title/tt1964418/
177,http://www.imdb.com/title/tt2103281/
178,http://www.imdb.com/title/tt0942385/
179,http://www.imdb.com/title/tt3065204/
180,http://www.imdb.com/title/tt0478970/
181,http://www.imdb.com/title/tt1473832/
182,http://www.imdb.com/title/tt4263482/
183,http://www.imdb.com/title/tt1661199/
184,http://www.imdb.com/title/tt4074928/
185,http://www.imdb.com/title/tt5186714/
186,http://www.imdb.com/title/tt3774694/
187,http://www.imdb.com/title/tt2513074/
188,http://www.imdb.com/title/tt2554274/
189,http://www.imdb.com/title/tt0780504/
190,http://www.imdb.com/title/tt3152624/
191,http://www.imdb.com/title/tt2547584/
192,http://www.imdb.com/title/tt5073620/
193,http://www.imdb.com/title/tt1895587/
194,http://www.imdb.com/title/tt4520364/
195,http://www.imdb.com/title/tt5743796/
196,http://www.imdb.com/title/tt0458339/
197,http://www.imdb.com/title/tt2717822/
198,http://www.imdb.com/title/tt0758758/
199,http://www.imdb.com/title/tt2084970/
200,http://www.imdb.com/title/tt1489889/
201,http://www.imdb.com/title/tt1631867/
202,http://www.imdb.com/title/tt4731136/
203,http://www.imdb.com/title/tt3774114/
204,http://www.imdb.com/title/tt0371746/
205,http://www.imdb.com/title/tt3410834/
206,http://www.imdb.com/title/tt1270798/
207,http://www.imdb.com/name/nm8589415/
208,http://www.imdb.com/title/tt5247022/
209,http://www.imdb.com/title/tt1478338/
210,http://www.imdb.com/title/tt4547056/
211,http://www.imdb.com/title/tt2126355/
212,http://www.imdb.com/title/tt2101441/
213,http://www.imdb.com/title/tt0418279/
214,http://www.imdb.com/title/tt0364569/
215,http://www.imdb.com/title/tt1981115/
216,http://www.imdb.com/title/tt2404233/
217,http://www.imdb.com/title/tt1843866/
218,http://www.imdb.com/title/tt3095734/
219,http://www.imdb.com/title/tt4805316/
220,http://www.imdb.com/title/tt1250777/
221,http://www.imdb.com/title/tt3072482/
222,http://www.imdb.com/title/tt0317219/
223,http://www.imdb.com/title/tt3235888/
224,http://www.imdb.com/title/tt1568346/
225,http://www.imdb.com/title/tt1723121/
226,http://www.imdb.com/title/tt3721936/
227,http://www.imdb.com/title/tt3464902/
228,http://www.imdb.com/title/tt1424381/
229,http://www.imdb.com/title/tt1587310/
230,http://www.imdb.com/title/tt4578118/
231,http://www.imdb.com/title/tt0457430/
232,http://www.imdb.com/title/tt2726552/
233,http://www.imdb.com/title/tt0472043/
234,http://www.imdb.com/title/tt2381249/
235,http://www.imdb.com/title/tt2381991/
236,http://www.imdb.com/title/tt1659337/
237,http://www.imdb.com/name/nm0000302/
238,http://www.imdb.com/title/tt2364897/
239,http://www.imdb.com/title/tt2278388/
240,http://www.imdb.com/title/tt0468492/
241,http://www.imdb.com/title/tt2713180/
242,http://www.imdb.com/title/tt2096673/
243,http://www.imdb.com/title/tt2822672/
244,http://www.imdb.com/title/tt1340138/
245,http://www.imdb.com/title/tt0814255/
246,http://www.imdb.com/title/tt1707386/
247,http://www.imdb.com/title/tt0206634/
248,http://www.imdb.com/title/tt4385888/
249,http://www.imdb.com/title/tt3079380/
250,http://www.imdb.com/title/tt1675434/
251,http://www.imdb.com/title/tt4429194/
252,http://www.imdb.com/title/tt1379182/
253,http://www.imdb.com/title/tt1398426/
254,http://www.imdb.com/title/tt1872181/
255,http://www.imdb.com/title/tt1457767/
256,http://www.imdb.com/title/tt1119646/
257,http://www.imdb.com/title/tt1440129/
258,http://www.imdb.com/title/tt1318514/
259,http://www.imdb.com/title/tt4786282/
260,http://www.imdb.com/title/tt4191702/
261,http://www.imdb.com/title/tt2562232/
262,http://www.imdb.com/title/tt0947798/
263,http://www.imdb.com/title/tt5707802/
264,http://www.imdb.com/title/tt1937390/
265,http://www.imdb.com/title/tt3949660/
266,http://www.imdb.com/title/tt3605418/
267,http://www.imdb.com/title/tt1860213/
268,http://www.imdb.com/title/tt1371111/
269,http://www.imdb.com/title/tt0458525/
270,http://www.imdb.com/title/tt0078767/
271,http://www.imdb.com/title/tt1074638/
272,http://www.imdb.com/title/tt0903624/
273,http://www.imdb.com/title/tt1232829/
274,http://www.imdb.com/title/tt3544112/
275,http://www.imdb.com/title/tt2261287/
276,http://www.imdb.com/title/tt1483013/
277,http://www.imdb.com/title/tt2294449/
278,http://www.imdb.com/title/tt0443706/
279,http://www.imdb.com/title/tt2937696/
280,http://www.imdb.com/title/tt1300854/
281,http://www.imdb.com/title/tt1670345/
282,http://www.imdb.com/title/tt0988045/
283,http://www.imdb.com/title/tt1028528/
284,http://www.imdb.com/title/tt0810819/
285,http://www.imdb.com/title/tt0119282/
286,http://www.imdb.com/title/tt0978764/
287,http://www.imdb.com/title/tt2387499/
288,http://www.imdb.com/title/tt1617661/
289,http://www.imdb.com/title/tt2461150/
290,http://www.imdb.com/title/tt5598110/
291,http://www.imdb.com/title/tt5700672/
292,http://www.imdb.com/title/tt1981677/
293,http://www.imdb.com/title/tt4438848/
294,http://www.imdb.com/title/tt4721124/
295,http://www.imdb.com/title/tt0770828/
296,http://www.imdb.com/title/tt3797868/
297,http://www.imdb.com/title/tt3416828/
298,http://www.imdb.com/title/tt0458352/
299,http://www.imdb.com/title/tt1355631/
300,http://www.imdb.com/title/tt0469494/
301,http://www.imdb.com/title/tt0455944/
302,http://www.imdb.com/title/tt1091191/
303,http://www.imdb.com/title/tt1259521/
304,http://www.imdb.com/title/tt0852713/
305,http://www.imdb.com/title/tt0815236/
306,http://www.imdb.com/title/tt1791528/
307,http://www.imdb.com/title/tt2567026/
308,http://www.imdb.com/title/tt3704298/
309,http://www.imdb.com/title/tt0463985/
310,http://www.imdb.com/title/tt1292566/
311,http://www.imdb.com/title/tt0878804/
312,http://www.imdb.com/title/tt2278871/
313,http://www.imdb.com/title/tt2321549/
314,http://www.imdb.com/title/tt2310332/
315,http://www.imdb.com/title/tt0373889/
316,http://www.imdb.com/title/tt1706620/
317,http://www.imdb.com/title/tt2304933/
318,http://www.imdb.com/title/tt5843670/
319,http://www.imdb.com/title/tt3567288/
320,http://www.imdb.com/title/tt1596343/
321,http://www.imdb.com/title/tt0462590/
322,http://www.imdb.com/title/tt4305148/
323,http://www.imdb.com/title/tt1032755/
324,http://www.imdb.com/title/tt1637688/
325,http://www.imdb.com/title/tt1285016/
326,http://www.imdb.com/title/tt1618442/
327,http://www.imdb.com/title/tt1976009/
328,http://www.imdb.com/title/tt3606888/
329,http://www.imdb.com/title/tt4062536/
330,http://www.imdb.com/title/tt2717822/
331,http://www.imdb.com/title/tt4624424/
332,http://www.imdb.com/title/tt2179136/
333,http://www.imdb.com/title/tt0790636/
334,http://www.imdb.com/title/tt0443272/
335,http://www.imdb.com/title/tt1979320/
336,http://www.imdb.com/title/tt3174376/
337,http://www.imdb.com/title/tt1045658/
338,http://www.imdb.com/title/tt5750534/
339,http://www.imdb.com/title/tt2582846/
340,http://www.imdb.com/title/tt1086772/
341,http://www.imdb.com/title/tt0232500/
342,http://www.imdb.com/title/tt1276104/
343,http://www.imdb.com/title/tt2334879/
344,http://www.imdb.com/title/tt0076538/
345,http://www.imdb.com/title/tt0413300/
346,http://www.imdb.com/title/tt1509767/
347,http://www.imdb.com/title/tt0486655/
348,http://www.imdb.com/title/tt1800241/
349,http://www.imdb.com/title/tt1131734/
350,http://www.imdb.com/title/tt1605783/
351,http://www.imdb.com/title/tt4291600/
352,http://www.imdb.com/name/nm0502342/
353,http://www.imdb.com/title/tt2910904/
354,http://www.imdb.com/title/tt4513674/
355,http://www.imdb.com/title/tt2908446/
356,http://www.imdb.com/title/tt1121096/
357,http://www.imdb.com/title/tt5078204/
358,http://www.imdb.com/title/tt2980516/
359,http://www.imdb.com/title/tt1245492/
360,http://www.imdb.com/title/tt2194499/
361,http://www.imdb.com/title/tt0838283/
362,http://www.imdb.com/title/tt1780798/
363,http://www.imdb.com/title/tt1408101/
364,http://www.imdb.com/title/tt1156398/
365,http://www.imdb.com/title/tt0475290/
366,http://www.imdb.com/title/tt1010048/
367,http://www.imdb.com/title/tt1673434/
368,http://www.imdb.com/title/tt4303202/
369,http://www.imdb.com/title/tt0948470/
370,http://www.imdb.com/title/tt0052618/
371,http://www.imdb.com/title/tt4573516/
372,http://www.imdb.com/title/tt1790864/
373,http://www.imdb.com/title/tt9348692/
374,http://www.imdb.com/title/tt0493464/
375,http://www.imdb.com/title/tt4136084/
376,http://www.imdb.com/title/tt2126235/
377,http://www.imdb.com/title/tt1355683/
378,http://www.imdb.com/title/tt3076658/
379,http://www.imdb.com/title/tt4034354/
380,http://www.imdb.com/title/tt2333784/
381,http://www.imdb.com/title/tt7908628/
382,http://www.imdb.com/title/tt1798684/
383,http://www.imdb.com/title/tt5022702/
384,http://www.imdb.com/title/tt3682448/
385,http://www.imdb.com/title/tt1490017/
386,http://www.imdb.com/title/tt2719848/
387,http://www.imdb.com/title/tt2120120/
388,http://www.imdb.com/title/tt4532826/
389,http://www.imdb.com/title/tt1430132/
390,http://www.imdb.com/title/tt0401729/
391,http://www.imdb.com/title/tt4139124/
392,http://www.imdb.com/title/tt2515034/
393,http://www.imdb.com/title/tt2080374/
394,http://www.imdb.com/title/tt4769214/
395,http://www.imdb.com/title/tt2191701/
396,http://www.imdb.com/title/tt1655441/
397,http://www.imdb.com/title/tt0800080/
398,http://www.imdb.com/title/tt1078940/
399,http://www.imdb.com/title/tt1727770/
400,http://www.imdb.com/title/tt1915581/
401,http://www.imdb.com/title/tt2293640/
402,http://www.imdb.com/title/tt5431600/
403,http://www.imdb.com/title/tt1172570/
404,http://www.imdb.com/title/tt1323594/
405,http://www.imdb.com/title/tt1972779/
406,http://www.imdb.com/title/tt2400463/
407,http://www.imdb.com/title/tt1790885/
408,http://www.imdb.com/title/tt0398286/
409,http://www.imdb.com/title/tt1951266/
410,http://www.imdb.com/title/tt1524930/
411,http://www.imdb.com/title/tt0936501/
412,http://www.imdb.com/title/tt2848292/
413,http://www.imdb.com/title/tt1453405/
414,http://www.imdb.com/title/tt1798709/
415,http://www.imdb.com/title/tt3522806/
416,http://www.imdb.com/title/tt3099498/
417,http://www.imdb.com/title/tt1718924/
418,http://www.imdb.com/title/tt0783233/
419,http://www.imdb.com/title/tt0926084/
420,http://www.imdb.com/title/tt1723811/
421,http://www.imdb.com/title/tt6932244/
422,http://www.imdb.com/title/tt0796302/
423,http://www.imdb.com/title/tt1374989/
424,http://www.imdb.com/title/tt1253863/
425,http://www.imdb.com/title/tt3300542/
426,http://www.imdb.com/title/tt0421715/
427,http://www.imdb.com/title/tt0458481/
428,http://www.imdb.com/title/tt0440963/
429,http://www.imdb.com/title/tt1273235/
430,http://www.imdb.com/title/tt4094724/
431,http://www.imdb.com/title/tt1187043/
432,http://www.imdb.com/title/tt1608290/
433,http://www.imdb.com/title/tt0816711/
434,http://www.imdb.com/title/tt1229238/
435,http://www.imdb.com/title/tt3699372/
436,http://www.imdb.com/title/tt1450321/
437,http://www.imdb.com/title/tt2726560/
438,http://www.imdb.com/title/tt10465998/
439,http://www.imdb.com/title/tt1650554/
440,http://www.imdb.com/title/tt3212910/
441,http://www.imdb.com/title/tt1623205/
442,http://www.imdb.com/title/tt2381111/
443,http://www.imdb.com/title/tt0327597/
444,http://www.imdb.com/title/tt1120985/
445,http://www.imdb.com/title/tt5254868/
446,http://www.imdb.com/title/tt0384537/
447,http://www.imdb.com/title/tt1343727/
448,http://www.imdb.com/title/tt4698684/
449,http://www.imdb.com/title/tt2245084/
450,http://www.imdb.com/title/tt0074285/
451,http://www.imdb.com/title/tt1228705/
452,http://www.imdb.com/title/tt1172049/
453,http://www.imdb.com/title/tt1188729/
454,http://www.imdb.com/title/tt2302755/
455,http://www.imdb.com/title/tt1464540/
456,http://www.imdb.com/title/tt2106476/
457,http://www.imdb.com/title/tt1041829/
458,http://www.imdb.com/title/tt2561572/
459,http://www.imdb.com/title/tt1564367/
460,http://www.imdb.com/title/tt0959337/
461,http://www.imdb.com/title/tt0840361/
462,http://www.imdb.com/title/tt3882082/
463,http://www.imdb.com/title/tt4645330/
464,http://www.imdb.com/title/tt2397535/
465,http://www.imdb.com/title/tt1051904/
466,http://www.imdb.com/title/tt1515091/
467,http://www.imdb.com/title/tt0944835/
468,http://www.imdb.com/title/tt2316411/
469,http://www.imdb.com/title/tt1136608/
470,http://www.imdb.com/title/tt1386588/
471,http://www.imdb.com/title/tt0765429/
472,http://www.imdb.com/title/tt0422720/
473,http://www.imdb.com/title/tt1190080/
474,http://www.imdb.com/title/tt0417741/
475,http://www.imdb.com/title/tt1024648/
476,http://www.imdb.com/title/tt1083452/
477,http://www.imdb.com/title/tt0405094/
478,http://www.imdb.com/title/tt1183374/
479,http://www.imdb.com/title/tt1472460/
480,http://www.imdb.com/title/tt2884018/
481,http://www.imdb.com/title/tt0800039/
482,http://www.imdb.com/title/tt0435651/
483,http://www.imdb.com/title/tt1712261/
484,http://www.imdb.com/title/tt4901306/
485,http://www.imdb.com/title/tt1985949/
486,http://www.imdb.com/title/tt1748122/
487,http://www.imdb.com/title/tt0427327/
488,http://www.imdb.com/title/tt1702439/
489,http://www.imdb.com/title/tt2381941/
490,http://www.imdb.com/title/tt0382932/
491,http://www.imdb.com/title/tt1464580/
492,http://www.imdb.com/title/tt1037705/
493,http://www.imdb.com/title/tt1060277/
494,http://www.imdb.com/title/tt0102685/
495,http://www.imdb.com/title/tt1441395/
496,http://www.imdb.com/title/tt0480249/
497,http://www.imdb.com/title/tt1409024/
498,http://www.imdb.com/title/tt1650062/
499,http://www.imdb.com/title/tt1197624/
500,http://www.imdb.com/title/tt1049413/
501,http://www.imdb.com/title/tt4046784/
502,http://www.imdb.com/title/tt2402927/
503,http://www.imdb.com/title/tt3228904/
504,http://www.imdb.com/title/tt3312830/
505,http://www.imdb.com/title/tt0485947/
506,http://www.imdb.com/title/tt1966385/
507,http://www.imdb.com/title/tt1615065/
508,http://www.imdb.com/title/tt1022603/
509,http://www.imdb.com/title/tt1333125/
510,http://www.imdb.com/title/tt1454468/
511,http://www.imdb.com/title/tt0914798/
512,http://www.imdb.com/title/tt4181172/
513,http://www.imdb.com/title/tt0949731/
514,http://www.imdb.com/title/tt2494362/
515,http://www.imdb.com/title/tt2268016/
516,http://www.imdb.com/title/tt1282140/
517,http://www.imdb.com/title/tt1528100/
518,http://www.imdb.com/title/tt1823672/
519,http://www.imdb.com/title/tt1170358/
520,http://www.imdb.com/title/tt2215077/
521,http://www.imdb.com/title/tt4190530/
522,http://www.imdb.com/title/tt2193215/
523,http://www.imdb.com/title/tt5157456/
524,http://www.imdb.com/title/tt3553442/
525,http://www.imdb.com/title/tt5664952/
526,http://www.imdb.com/title/tt2720826/
527,http://www.imdb.com/title/tt1535108/
528,http://www.imdb.com/title/tt2403021/
529,http://www.imdb.com/title/tt0831387/
530,http://www.imdb.com/title/tt1194173/
531,http://www.imdb.com/title/tt0401445/
532,http://www.imdb.com/title/tt3352390/
533,http://www.imdb.com/title/tt0453467/
534,http://www.imdb.com/title/tt2872732/
535,http://www.imdb.com/title/tt2392830/
536,http://www.imdb.com/title/tt2369135/
537,http://www.imdb.com/title/tt0790724/
538,http://www.imdb.com/title/tt4769836/
539,http://www.imdb.com/title/tt1901024/
540,http://www.imdb.com/title/tt0376479/
541,http://www.imdb.com/title/tt1139328/
542,http://www.imdb.com/title/tt1219289/
543,http://www.imdb.com/title/tt2106651/
544,http://www.imdb.com/title/tt0431308/
545,http://www.imdb.com/title/tt3346224/
546,http://www.imdb.com/title/tt2649554/
547,http://www.imdb.com/title/tt4972062/
548,http://www.imdb.com/title/tt1014759/
549,http://www.imdb.com/title/tt0934814/
550,http://www.imdb.com/title/tt5168192/
551,http://www.imdb.com/title/tt0452594/
552,http://www.imdb.com/title/tt5479616/
553,http://www.imdb.com/title/tt1502712/
554,http://www.imdb.com/title/tt2580382/
555,http://www.imdb.com/title/tt4005402/
556,http://www.imdb.com/title/tt3181822/
557,http://www.imdb.com/title/tt10075318/
558,http://www.imdb.com/title/tt0829150/
559,http://www.imdb.com/title/tt1390411/
560,http://www.imdb.com/title/tt0387808/
561,http://www.imdb.com/title/tt1320253/
562,http://www.imdb.com/title/tt0083907/
563,http://www.imdb.com/title/tt1922777/
564,http://www.imdb.com/title/tt1772341/
565,http://www.imdb.com/title/tt1735898/
566,http://www.imdb.com/title/tt3332064/
567,http://www.imdb.com/title/tt1399103/
568,http://www.imdb.com/title/tt0467406/
569,http://www.imdb.com/title/tt2980210/
570,http://www.imdb.com/title/tt2241351/
571,http://www.imdb.com/title/tt2203939/
572,http://www.imdb.com/title/tt0461770/
573,http://www.imdb.com/title/tt2361509/
574,http://www.imdb.com/title/tt0449059/
575,http://www.imdb.com/title/tt1620935/
576,http://www.imdb.com/title/tt0800320/
577,http://www.imdb.com/title/tt2025690/
578,http://www.imdb.com/title/tt1104001/
579,http://www.imdb.com/title/tt1951264/
580,http://www.imdb.com/title/tt1175709/
581,http://www.imdb.com/title/tt3082898/
582,http://www.imdb.com/title/tt0938283/
583,http://www.imdb.com/title/tt1956620/
584,http://www.imdb.com/title/tt1586265/
585,http://www.imdb.com/title/tt1210166/
586,http://www.imdb.com/title/tt0259324/
587,http://www.imdb.com/title/tt1809398/
588,http://www.imdb.com/title/tt1253864/
589,http://www.imdb.com/name/nm0005461/
590,http://www.imdb.com/title/tt1217209/
591,http://www.imdb.com/title/tt1132620/
592,http://www.imdb.com/title/tt2103267/
593,http://www.imdb.com/title/tt1600196/
594,http://www.imdb.com/title/tt0454945/
595,http://www.imdb.com/title/tt1528854/
596,http://www.imdb.com/title/tt1228987/
597,http://www.imdb.com/title/tt1023111/
598,http://www.imdb.com/title/tt3381008/
599,http://www.imdb.com/title/tt1182345/
600,http://www.imdb.com/title/tt1001526/
601,http://www.imdb.com/title/tt1321870/
602,http://www.imdb.com/title/tt3647498/
603,http://www.imdb.com/title/tt1001508/
604,http://www.imdb.com/title/tt2267968/
605,http://www.imdb.com/title/tt2945796/
606,http://www.imdb.com/title/tt5016946/
607,http://www.imdb.com/title/tt1399683/
608,http://www.imdb.com/title/tt1499658/
609,http://www.imdb.com/title/tt3612616/
610,http://www.imdb.com/title/tt0411477/
611,http://www.imdb.com/title/tt1559547/
612,http://www.imdb.com/title/tt4048272/
613,http://www.imdb.com/title/tt0380510/
614,http://www.imdb.com/title/tt0443680/
615,http://www.imdb.com/title/tt2229499/
616,http://www.imdb.com/title/tt2368619/
617,http://www.imdb.com/title/tt4261326/
618,http://www.imdb.com/title/tt1124037/
619,http://www.imdb.com/title/tt2091935/
620,http://www.imdb.com/title/tt0359950/
621,http://www.imdb.com/title/tt3850214/
622,http://www.imdb.com/title/tt1496025/
623,http://www.imdb.com/title/tt0870984/
624,http://www.imdb.com/title/tt0080761/
625,http://www.imdb.com/title/tt2446042/
626,http://www.imdb.com/title/tt0100802/
627,http://www.imdb.com/title/tt0376994/
628,http://www.imdb.com/title/tt3793788/
629,http://www.imdb.com/title/tt3503406/
630,http://www.imdb.com/title/tt2692250/
631,http://www.imdb.com/title/tt0758752/
632,http://www.imdb.com/title/tt2788710/
633,http://www.imdb.com/title/tt0468492/
634,http://www.imdb.com/title/tt1087461/
635,http://www.imdb.com/title/tt0910970/
636,http://www.imdb.com/title/tt0478311/
637,http://www.imdb.com/title/tt0945513/
638,http://www.imdb.com/title/tt1212450/
639,http://www.imdb.com/title/tt3713166/
640,http://www.imdb.com/title/tt1605630/
641,http://www.imdb.com/title/tt0454921/
642,http://www.imdb.com/title/tt3011894/
643,http://www.imdb.com/title/tt2479478/
644,http://www.imdb.com/title/tt5029608/
645,http://www.imdb.com/title/tt3774802/
646,http://www.imdb.com/title/tt1205489/
647,http://www.imdb.com/title/tt2503944/
648,http://www.imdb.com/title/tt5613902/
649,http://www.imdb.com/title/tt1588398/
650,http://www.imdb.com/title/tt1686821/
651,http://www.imdb.com/title/tt0408236/
652,http://www.imdb.com/title/tt1291570/
653,http://www.imdb.com/title/tt1591095/
654,http://www.imdb.com/title/tt3960412/
655,http://www.imdb.com/title/tt5158522/
656,http://www.imdb.com/title/tt1152836/
657,http://www.imdb.com/title/tt1065073/
658,http://www.imdb.com/title/tt1291150/
659,http://www.imdb.com/title/tt0765443/
660,http://www.imdb.com/title/tt2741564/
661,http://www.imdb.com/title/tt0910936/
662,http://www.imdb.com/title/tt1763303/
663,http://www.imdb.com/title/tt0452623/
664,http://www.imdb.com/title/tt2404463/
665,http://www.imdb.com/title/tt4120176/
666,http://www.imdb.com/title/tt1781769/
667,http://www.imdb.com/title/tt3319920/
668,http://www.imdb.com/title/tt2637276/
669,http://www.imdb.com/title/tt1980209/
670,http://www.imdb.com/title/tt0450259/
671,http://www.imdb.com/title/tt0804463/
672,http://www.imdb.com/title/tt1014763/
673,http://www.imdb.com/title/tt0887912/
674,http://www.imdb.com/title/tt1133985/
675,http://www.imdb.com/title/tt3708886/
676,http://www.imdb.com/title/tt0884328/
677,http://www.imdb.com/title/tt1211956/
678,http://www.imdb.com/title/tt1638002/
679,http://www.imdb.com/title/tt1666801/
680,http://www.imdb.com/title/tt4914580/
681,http://www.imdb.com/title/tt1951265/
682,http://www.imdb.com/title/tt1242460/
683,http://www.imdb.com/title/tt3068194/
684,http://www.imdb.com/title/tt1538403/
685,http://www.imdb.com/title/tt0814314/
686,http://www.imdb.com/title/tt1504320/
687,http://www.imdb.com/title/tt0085701/
688,http://www.imdb.com/title/tt0489099/
689,http://www.imdb.com/title/tt0435761/
690,http://www.imdb.com/title/tt1340800/
691,http://www.imdb.com/title/tt1855325/
692,http://www.imdb.com/title/tt5946128/
693,http://www.imdb.com/title/tt5673782/
694,http://www.imdb.com/title/tt1921064/
695,http://www.imdb.com/title/tt0454876/
696,http://www.imdb.com/title/tt1028532/
697,http://www.imdb.com/title/tt1715873/
698,http://www.imdb.com/title/tt2884206/
699,http://www.imdb.com/title/tt0337978/
700,http://www.imdb.com/title/tt4269746/
701,http://www.imdb.com/title/tt0808279/
702,http://www.imdb.com/name/nm0290556/
703,http://www.imdb.com/title/tt1245526/
704,http://www.imdb.com/title/tt0455824/
705,http://www.imdb.com/title/tt1433108/
706,http://www.imdb.com/title/tt3905764/
707,http://www.imdb.com/title/tt1385826/
708,http://www.imdb.com/title/tt3714720/
709,http://www.imdb.com/title/tt1872194/
710,http://www.imdb.com/title/tt2218003/
711,http://www.imdb.com/title/tt1055369/
712,http://www.imdb.com/title/tt3666024/
713,http://www.imdb.com/title/tt2262227/
714,http://www.imdb.com/title/tt1255953/
715,http://www.imdb.com/title/tt0408839/
716,http://www.imdb.com/title/tt0366548/
717,http://www.imdb.com/title/tt0387199/
718,http://www.imdb.com/title/tt0482606/
719,http://www.imdb.com/title/tt1959490/
720,http://www.imdb.com/title/tt2004420/
721,http://www.imdb.com/title/tt2382009/
722,http://www.imdb.com/title/tt2305051/
723,http://www.imdb.com/title/tt1375670/
724,http://www.imdb.com/title/tt1540011/
725,http://www.imdb.com/title/tt0087538/
726,http://www.imdb.com/title/tt1077368/
727,http://www.imdb.com/title/tt1632708/
728,http://www.imdb.com/title/tt0443543/
729,http://www.imdb.com/title/tt0084967/
730,http://www.imdb.com/title/tt2980592/
731,http://www.imdb.com/title/tt2234155/
732,http://www.imdb.com/name/nm0908094/
733,http://www.imdb.com/title/tt4560008/
734,http://www.imdb.com/title/tt0382625/
735,http://www.imdb.com/title/tt4196848/
736,http://www.imdb.com/title/tt0970179/
737,http://www.imdb.com/title/tt3286052/
738,http://www.imdb.com/title/tt0758774/
739,http://www.imdb.com/title/tt2101383/
740,http://www.imdb.com/title/tt0859163/
741,http://www.imdb.com/name/nm6685843/
742,http://www.imdb.com/title/tt1781827/
743,http://www.imdb.com/title/tt1305806/
744,http://www.imdb.com/title/tt1403865/
745,http://www.imdb.com/title/tt3787590/
746,http://www.imdb.com/title/tt2557490/
747,http://www.imdb.com/title/tt5505722/
748,http://www.imdb.com/title/tt1974420/
749,http://www.imdb.com/title/tt4361050/
750,http://www.imdb.com/title/tt1854564/
751,http://www.imdb.com/title/tt0488120/
752,http://www.imdb.com/title/tt2388715/
753,http://www.imdb.com/title/tt0780536/
754,http://www.imdb.com/title/tt1596350/
755,http://www.imdb.com/title/tt4240406/
756,http://www.imdb.com/title/tt0898367/
757,http://www.imdb.com/title/tt4680980/
758,http://www.imdb.com/title/tt5081606/
759,http://www.imdb.com/title/tt0082198/
760,http://www.imdb.com/title/tt0108002/
761,http://www.imdb.com/title/tt0426931/
762,http://www.imdb.com/title/tt2883512/
763,http://www.imdb.com/title/tt2057392/
764,http://www.imdb.com/title/tt1059786/
765,http://www.imdb.com/title/tt2184339/
766,http://www.imdb.com/title/tt2338151/
767,http://www.imdb.com/title/tt1731141/
768,http://www.imdb.com/title/tt0367882/
769,http://www.imdb.com/title/tt3622592/
770,http://www.imdb.com/title/tt0462335/
771,http://www.imdb.com/title/tt0830515/
772,http://www.imdb.com/title/tt5034474/
773,http://www.imdb.com/title/tt0892769/
774,http://www.imdb.com/title/tt0452637/
775,http://www.imdb.com/title/tt0414993/
776,http://www.imdb.com/title/tt1216475/
777,http://www.imdb.com/title/tt3835080/
778,http://www.imdb.com/title/tt2124787/
779,http://www.imdb.com/title/tt3951732/
780,http://www.imdb.com/title/tt0787524/
781,http://www.imdb.com/title/tt1401152/
782,http://www.imdb.com/title/tt2140379/
783,http://www.imdb.com/title/tt0780571/
784,http://www.imdb.com/title/tt4991512/
785,http://www.imdb.com/title/tt0443465/
786,http://www.imdb.com/title/tt1535109/
787,http://www.imdb.com/title/tt3344694/
788,http://www.imdb.com/title/tt1472584/
789,http://www.imdb.com/title/tt2510894/
790,http://www.imdb.com/title/tt0448157/
791,http://www.imdb.com/title/tt1850457/
792,http://www.imdb.com/title/tt2404311/
793,http://www.imdb.com/title/tt1007028/
794,http://www.imdb.com/title/tt2321405/
795,http://www.imdb.com/title/tt1568338/
796,http://www.imdb.com/title/tt1411238/
797,http://www.imdb.com/title/tt0462504/
798,http://www.imdb.com/title/tt1690953/
799,http://www.imdb.com/title/tt0365907/
800,http://www.imdb.com/title/tt1213663/
801,http://www.imdb.com/title/tt3838992/
802,http://www.imdb.com/title/tt1931533/
803,http://www.imdb.com/title/tt0442933/
804,http://www.imdb.com/title/tt1205537/
805,http://www.imdb.com/title/tt0450385/
806,http://www.imdb.com/title/tt2039393/
807,http://www.imdb.com/title/tt0473075/
808,http://www.imdb.com/title/tt1714206/
809,http://www.imdb.com/title/tt3387266/
810,http://www.imdb.com/title/tt2032572/
811,http://www.imdb.com/title/tt3672742/
812,http://www.imdb.com/title/tt2660806/
813,http://www.imdb.com/title/tt1148204/
814,http://www.imdb.com/title/tt1859650/
815,http://www.imdb.com/title/tt0432283/
816,http://www.imdb.com/title/tt0454848/
817,http://www.imdb.com/title/tt2679552/
818,http://www.imdb.com/title/tt1542344/
819,http://www.imdb.com/title/tt3322940/
820,http://www.imdb.com/title/tt4670016/
821,http://www.imdb.com/title/tt0900387/
822,http://www.imdb.com/title/tt1054606/
823,http://www.imdb.com/title/tt1046173/
824,http://www.imdb.com/title/tt0085333/
825,http://www.imdb.com/title/tt3063454/
826,http://www.imdb.com/title/tt0435625/
827,http://www.imdb.com/title/tt2582500/
828,http://www.imdb.com/title/tt4652532/
829,http://www.imdb.com/title/tt0462322/
830,http://www.imdb.com/title/tt1213644/
831,http://www.imdb.com/title/tt0479143/
832,http://www.imdb.com/title/tt2023453/
833,http://www.imdb.com/title/tt1229822/
834,http://www.imdb.com/title/tt0770752/
835,http://www.imdb.com/title/tt1645170/
836,http://www.imdb.com/title/tt1850397/
837,http://www.imdb.com/title/tt4936450/
838,http://www.imdb.com/title/tt0960144/
839,http://www.imdb.com/title/tt4019560/
840,http://www.imdb.com/title/tt3721954/
841,http://www.imdb.com/title/tt2170439/
842,http://www.imdb.com/title/tt2056771/
843,http://www.imdb.com/title/tt1527186/
844,http://www.imdb.com/title/tt0780521/
845,http://www.imdb.com/title/tt0477080/
846,http://www.imdb.com/title/tt1907668/
847,http://www.imdb.com/title/tt2224026/
848,http://www.imdb.com/title/tt1924396/
849,http://www.imdb.com/title/tt5160928/
850,http://www.imdb.com/title/tt0453562/
851,http://www.imdb.com/title/tt0478087/
852,http://www.imdb.com/title/tt1980929/
853,http://www.imdb.com/title/tt1206543/
854,http://www.imdb.com/title/tt0497465/
855,http://www.imdb.com/title/tt0441773/
856,http://www.imdb.com/title/tt3628584/
857,http://www.imdb.com/title/tt0438488/
858,http://www.imdb.com/title/tt0463998/
859,http://www.imdb.com/title/tt0454841/
860,http://www.imdb.com/title/tt0824747/
861,http://www.imdb.com/title/tt2380307/
862,http://www.imdb.com/title/tt5323662/
863,http://www.imdb.com/title/tt1698641/
864,http://www.imdb.com/title/tt2692904/
865,http://www.imdb.com/title/tt3991412/
866,http://www.imdb.com/title/tt1528071/
867,http://www.imdb.com/title/tt4193394/
868,http://www.imdb.com/title/tt0420293/
869,http://www.imdb.com/title/tt1650043/
870,http://www.imdb.com/title/tt0317919/
871,http://www.imdb.com/title/tt4080728/
872,http://www.imdb.com/title/tt1098327/
873,http://www.imdb.com/title/tt0087985/
874,http://www.imdb.com/title/tt1563738/
875,http://www.imdb.com/title/tt1055292/
876,http://www.imdb.com/title/tt0463854/
877,http://www.imdb.com/title/tt1588173/
878,http://www.imdb.com/title/tt2334873/
879,http://www.imdb.com/title/tt1583421/
880,http://www.imdb.com/title/tt1646987/
881,http://www.imdb.com/title/tt4262980/
882,http://www.imdb.com/title/tt2140373/
883,http://www.imdb.com/title/tt2209764/
884,http://www.imdb.com/name/nm0000203/
885,http://www.imdb.com/title/tt3289728/
886,http://www.imdb.com/title/tt0449467/
887,http://www.imdb.com/title/tt0478304/
888,http://www.imdb.com/title/tt1327194/
889,http://www.imdb.com/title/tt0464154/
890,http://www.imdb.com/title/tt1306980/
891,http://www.imdb.com/title/tt3842614/
892,http://www.imdb.com/title/tt1758830/
893,http://www.imdb.com/title/tt0433035/
894,http://www.imdb.com/title/tt0159206/
895,http://www.imdb.com/title/tt0083944/
896,http://www.imdb.com/title/tt1077258/
897,http://www.imdb.com/title/tt3322364/
898,http://www.imdb.com/title/tt2294189/
899,http://www.imdb.com/title/tt1142988/
900,http://www.imdb.com/title/tt0901476/
901,http://www.imdb.com/title/tt3165612/
902,http://www.imdb.com/title/tt0417148/
903,http://www.imdb.com/title/tt1486834/
904,http://www.imdb.com/title/tt1646971/
905,http://www.imdb.com/title/tt0093870/
906,http://www.imdb.com/title/tt4411618/
907,http://www.imdb.com/title/tt3766394/
908,http://www.imdb.com/title/tt0496806/
909,http://www.imdb.com/title/tt0439815/
910,http://www.imdb.com/title/tt1598778/
911,http://www.imdb.com/title/tt3278330/
912,http://www.imdb.com/title/tt5059406/
913,http://www.imdb.com/title/tt0398808/
914,http://www.imdb.com/title/tt2866360/
915,http://www.imdb.com/title/tt0038787/
916,http://www.imdb.com/title/tt5215952/
917,http://www.imdb.com/title/tt1764651/
918,http://www.imdb.com/name/nm0000113/
919,http://www.imdb.com/title/tt0396171/
920,http://www.imdb.com/title/tt0385752/
921,http://www.imdb.com/title/tt1020558/
922,http://www.imdb.com/title/tt1727776/
923,http://www.imdb.com/title/tt0974661/
924,http://www.imdb.com/title/tt8160834/
925,http://www.imdb.com/title/tt0348150/
926,http://www.imdb.com/title/tt1324999/
927,http://www.imdb.com/title/tt0929632/
928,http://www.imdb.com/title/tt3450900/
929,http://www.imdb.com/title/tt2170427/
930,http://www.imdb.com/title/tt1560747/
931,http://www.imdb.com/title/tt0087277/
932,http://www.imdb.com/title/tt1355630/
933,http://www.imdb.com/title/tt3893280/
934,http://www.imdb.com/title/tt4372390/
935,http://www.imdb.com/title/tt3908142/
936,http://www.imdb.com/title/tt0415306/
937,http://www.imdb.com/title/tt1467304/
938,http://www.imdb.com/title/tt1512235/
939,http://www.imdb.com/title/tt3922798/
940,http://www.imdb.com/title/tt1193138/
941,http://www.imdb.com/title/tt0805570/
942,http://www.imdb.com/title/tt1325004/
943,http://www.imdb.com/title/tt4687464/
944,http://www.imdb.com/title/tt0770703/
945,http://www.imdb.com/title/tt0296572/
946,http://www.imdb.com/title/tt1187064/
947,http://www.imdb.com/title/tt1327773/
948,http://www.imdb.com/title/tt5129682/
949,http://www.imdb.com/title/tt1815862/
950,http://www.imdb.com/title/tt4254584/
951,http://www.imdb.com/title/tt2582496/
952,http://www.imdb.com/title/tt1033575/
953,http://www.imdb.com/title/tt1261945/
954,http://www.imdb.com/title/tt2179116/
955,http://www.imdb.com/title/tt0452608/
956,http://www.imdb.com/title/tt1800246/
957,http://www.imdb.com/title/tt5114356/
958,http://www.imdb.com/title/tt1855199/
959,http://www.imdb.com/title/tt2172934/
960,http://www.imdb.com/title/tt0425210/
961,http://www.imdb.com/title/tt1924429/
962,http://www.imdb.com/title/tt2625810/
963,http://www.imdb.com/title/tt0467200/
964,http://www.imdb.com/title/tt1242432/
965,http://www.imdb.com/title/tt6002232/
966,http://www.imdb.com/title/tt0460829/
967,http://www.imdb.com/title/tt0118414/
968,http://www.imdb.com/title/tt3488710/
969,http://www.imdb.com/title/tt4227282/
970,http://www.imdb.com/title/tt1210819/
971,http://www.imdb.com/title/tt1572315/
972,http://www.imdb.com/title/tt0486822/
973,http://www.imdb.com/title/tt1336608/
974,http://www.imdb.com/title/tt1262416/
975,http://www.imdb.com/title/tt4341582/
976,http://www.imdb.com/title/tt3760922/
977,http://www.imdb.com/title/tt2402101/
978,http://www.imdb.com/title/tt2105044/
979,http://www.imdb.com/title/tt4645368/
980,http://www.imdb.com/title/tt1189073/
981,http://www.imdb.com/title/tt4257926/
982,http://www.imdb.com/name/nm0004266/
983,http://www.imdb.com/title/tt0445922/
984,http://www.imdb.com/title/tt1924435/
985,http://www.imdb.com/name/nm0747114/
986,http://www.imdb.com/title/tt1240982/
987,http://www.imdb.com/title/tt1622979/
988,http://www.imdb.com/title/tt0082329/
989,http://www.imdb.com/title/tt1029234/
990,http://www.imdb.com/title/tt1020072/
991,http://www.imdb.com/title/tt0834001/
992,http://www.imdb.com/title/tt0986264/
993,http://www.imdb.com/title/tt0810922/
994,http://www.imdb.com/title/tt1220634/
995,http://www.imdb.com/title/tt0102138/
996,http://www.imdb.com/title/tt1741273/
997,http://www.imdb.com/title/tt0498353/
998,http://www.imdb.com/title/tt1023481/
999,http://www.imdb.com/title/tt5460226/
1000,http://www.imdb.com/title/tt4383594/
